2 Raters;4 Raters;6 Raters;8 Raters;10 Raters
0.004;0.00266666666666667;0.0024;0.00228571428571429;0.00222222222222222
0.0444;0.0296;0.02664;0.0253714285714286;0.0246666666666667
0.13605;0.0907;0.08163;0.0777428571428571;0.0755833333333333
0.5028;0.3352;0.30168;0.287314285714286;0.279333333333333
0.0018;0.0012;0.00108;0.00102857142857143;0.001
0.001;0.000666666666666667;0.0006;0.000571428571428571;0.000555555555555556
0.0278;0.0185333333333333;0.01668;0.0158857142857143;0.0154444444444444
