2 Raters;4 Raters;6 Raters;8 Raters;10 Raters
0.0190946522721567;0.0191542026806965;0.0191739964950346;0.0191838828755553;0.0191898113396387
0.0503932153058271;0.0505119988963649;0.0505514191579009;0.0505710967750013;0.0505828929614767
0.111721997092525;0.111956693403729;0.112034392574333;0.112073143032238;0.11209636168741
0.389801420606431;0.38998625108793;0.390047116424517;0.390077411334828;0.390095544437698
0.18135035983178;0.18316903767277;0.183766260478275;0.184063211943525;0.184240855182043
0.0793341413529278;0.0798223685036996;0.0799840305009072;0.0800646604387136;0.080112974253894
0.0452820467711331;0.0453627356983062;0.0453895374803301;0.0454029207175691;0.0454109450196332
