2 Raters;4 Raters;6 Raters;8 Raters;10 Raters
0.790517264049228;0.860779030528161;0.874830476754207;0.880852364427912;0.884197807738111
0.118929011960349;0.414000620709347;0.473011827486226;0.498301793130768;0.512351603032028
-0.217754815887574;0.189865319861448;0.271384455038305;0.30632036329619;0.325728933610673
-0.289887551507053;0.140482519409581;0.226554979394697;0.263442902958392;0.283936109201202
0.990074461381441;0.993448674430753;0.994122969052158;0.994411857656341;0.99457232219742
0.987395086365763;0.991648122209807;0.992498502560543;0.992862911448104;0.993065348519019
0.386070154016928;0.59144145413555;0.63251443116757;0.650116908017171;0.659895991202845
