2 Raters;4 Raters;6 Raters;8 Raters;10 Raters;12 Raters;14 Raters;16 Raters
0.0955165692007797;0.0953970240578501;0.095357242146233;0.0953373636300466;0.0953254404980268;0.0953174934000278;0.0953118177126752;0.0953075613907124
0.0955165692007797;0.0953970240578501;0.095357242146233;0.0953373636300466;0.0953254404980268;0.0953174934000278;0.0953118177126752;0.0953075613907124
