2 Raters;4 Raters;6 Raters;8 Raters;10 Raters;12 Raters;14 Raters;16 Raters
1.37844611528822;1.37672090112641;1.37614678899083;1.37585991244528;1.37568784392196;1.37557315548145;1.37549124687388;1.37542982181932
1.37844611528822;1.37672090112641;1.37614678899083;1.37585991244528;1.37568784392196;1.37557315548145;1.37549124687388;1.37542982181932
