2 Raters;4 Raters;6 Raters;8 Raters;10 Raters;12 Raters;14 Raters;16 Raters
-0.786826086956522;-0.192710144927536;-0.073886956521739;-0.0229627329192548;0.00532850241545901;0.0233320158102767;0.0357959866220736;0.0449362318840579
-0.786826086956522;-0.192710144927536;-0.073886956521739;-0.0229627329192548;0.00532850241545901;0.0233320158102767;0.0357959866220736;0.0449362318840579
