2 Raters;4 Raters;6 Raters;8 Raters;10 Raters;12 Raters;14 Raters;16 Raters
0.333333333333333;0.333333333333333;0.333333333333333;0.333333333333333;0.333333333333333;0.333333333333333;0.333333333333333;0.333333333333333
0.333333333333333;0.333333333333333;0.333333333333333;0.333333333333333;0.333333333333333;0.333333333333333;0.333333333333333;0.333333333333333
