2 Raters;4 Raters;6 Raters;8 Raters;10 Raters;12 Raters;14 Raters;16 Raters
0.040111111111111;0.0267407407407407;0.0240666666666667;0.0229206349206349;0.0222839506172839;0.0218787878787879;0.0215982905982906;0.0213925925925926
0.040111111111111;0.0267407407407407;0.0240666666666667;0.0229206349206349;0.0222839506172839;0.0218787878787879;0.0215982905982906;0.0213925925925926
