1 Cat;2 Cat;3 Cat;4 Cat;5 Cat;6 Cat;7 Cat;8 Cat;9 Cat;10 Cat
0.001;0.002;0.003;0.004;0.005;0.006;0.007;0.008;0.009;0.01
0.0111;0.0222;0.0333;0.0444;0.0555;0.0666;0.0777;0.0888;0.0999;0.111
0.0111;0.068025;0.079125;0.13605;0.14715;0.204075;0.215175;0.2721;0.2832;0.340125
0.1257;0.2514;0.3771;0.5028;0.6285;0.7542;0.8799;1.0056;1.1313;1.257
0.00045;0.0009;0.00135;0.0018;0.00225;0.0027;0.00315;0.0036;0.00405;0.0045
0.00025;0.0005;0.00075;0.001;0.00125;0.0015;0.00175;0.002;0.00225;0.0025
0.00695;0.0139;0.02085;0.0278;0.03475;0.0417;0.04865;0.0556;0.06255;0.0695
