1 Length Fact.;2 Length Fact.;3 Length Fact.;4 Length Fact.;5 Length Fact.;6 Length Fact.;7 Length Fact.;8 Length Fact.;9 Length Fact.;10 Length Fact.
0.00266666666666667;0.00133333333333333;0.000888888888888889;0.000666666666666667;0.000533333333333333;0.000444444444444444;0.000380952380952381;0.000333333333333333;0.000296296296296296;0.000266666666666667
0.0296;0.0148;0.00986666666666667;0.0074;0.00592;0.00493333333333333;0.00422857142857143;0.0037;0.00328888888888889;0.00296
0.0296;0.0148;0.00986666666666667;0.0074;0.00592;0.00493333333333333;0.00422857142857143;0.0037;0.00328888888888889;0.00296
0.3352;0.1676;0.111733333333333;0.0838;0.06704;0.0558666666666667;0.0478857142857143;0.0419;0.0372444444444444;0.03352
0.0012;0.0006;0.0004;0.0003;0.00024;0.0002;0.000171428571428571;0.00015;0.000133333333333333;0.00012
0.000666666666666667;0.000333333333333333;0.000222222222222222;0.000166666666666667;0.000133333333333333;0.000111111111111111;9.52380952380952E-05;8.33333333333333E-05;7.40740740740741E-05;6.66666666666667E-05
0.0185333333333333;0.00926666666666667;0.00617777777777778;0.00463333333333333;0.00370666666666667;0.00308888888888889;0.00264761904761905;0.00231666666666667;0.00205925925925926;0.00185333333333333
