1 Length Fact.;2 Length Fact.;3 Length Fact.;4 Length Fact.;5 Length Fact.;6 Length Fact.;7 Length Fact.;8 Length Fact.;9 Length Fact.;10 Length Fact.
0.016;0.008;0.00533333333333333;0.004;0.0032;0.00266666666666667;0.00228571428571429;0.002;0.00177777777777778;0.0016
0.1776;0.0888;0.0592;0.0444;0.03552;0.0296;0.0253714285714286;0.0222;0.0197333333333333;0.01776
0.5442;0.2721;0.1814;0.13605;0.10884;0.0907;0.0777428571428571;0.068025;0.0604666666666667;0.05442
2.0112;1.0056;0.6704;0.5028;0.40224;0.3352;0.287314285714286;0.2514;0.223466666666667;0.20112
0.0072;0.0036;0.0024;0.0018;0.00144;0.0012;0.00102857142857143;0.0009;0.0008;0.00072
0.004;0.002;0.00133333333333333;0.001;0.0008;0.000666666666666667;0.000571428571428571;0.0005;0.000444444444444444;0.0004
0.1112;0.0556;0.0370666666666667;0.0278;0.02224;0.0185333333333333;0.0158857142857143;0.0139;0.0123555555555556;0.01112
