1 Length Fact.;2 Length Fact.;3 Length Fact.;4 Length Fact.;5 Length Fact.;6 Length Fact.;7 Length Fact.;8 Length Fact.;9 Length Fact.;10 Length Fact.
0.0370824008138352;0.0189117498739284;0.0126892390211197;0.00954732613607833;0.00765241822195465;0.00638509109142571;0.00547787483889446;0.00479637980709007;0.00426568703848009;0.0038407292397075
0.0993272736609665;0.0501532693233349;0.0335423917856282;0.0251966076529136;0.0201763292551748;0.0168241638975612;0.0144271651143949;0.0126279997240912;0.0112278108065775;0.0101071322935936
0.220522815371975;0.111245279770141;0.0743761241354353;0.0558609985462626;0.0447264659355157;0.0372929095720508;0.0319780893031835;0.0279891733509323;0.0248850272353862;0.0224006689355134
0.777103136113805;0.389400383837336;0.259779591743798;0.194900710303215;0.155951947076848;0.129977282567745;0.111419663348819;0.0974991170423441;0.0866706491883745;0.0780070105460369
0.338691240195272;0.177533938426931;0.120065028364044;0.0906751799158901;0.0728372102493103;0.0608614773903065;0.0522667543046474;0.0457986424910416;0.0407548755391723;0.0367116949417599
0.152558575445173;0.0783364791103403;0.0526692114537941;0.0396670706764639;0.0318125113400399;0.0265540884407384;0.022787318280616;0.0199563772722134;0.0177510673625759;0.0159846390168971
0.0894427703151336;0.0450971474771975;0.0301470876203584;0.0226410233855665;0.0181275168459213;0.0151144152958853;0.0129601976556031;0.0113434411796038;0.0100853168305376;0.00907841005316191
