1 Length Fact.;2 Length Fact.;3 Length Fact.;4 Length Fact.;5 Length Fact.;6 Length Fact.;7 Length Fact.;8 Length Fact.;9 Length Fact.;10 Length Fact.
0.008;0.004;0.00266666666666667;0.002;0.0016;0.00133333333333333;0.00114285714285714;0.001;0.000888888888888889;0.0008
0.0888;0.0444;0.0296;0.0222;0.01776;0.0148;0.0126857142857143;0.0111;0.00986666666666667;0.00888
0.2721;0.13605;0.0907;0.068025;0.05442;0.04535;0.0388714285714286;0.0340125;0.0302333333333333;0.02721
1.0056;0.5028;0.3352;0.2514;0.20112;0.1676;0.143657142857143;0.1257;0.111733333333333;0.10056
0.0036;0.0018;0.0012;0.0009;0.00072;0.0006;0.000514285714285714;0.00045;0.0004;0.00036
0.002;0.001;0.000666666666666667;0.0005;0.0004;0.000333333333333333;0.000285714285714286;0.00025;0.000222222222222222;0.0002
0.0556;0.0278;0.0185333333333333;0.0139;0.01112;0.00926666666666667;0.00794285714285714;0.00695;0.00617777777777778;0.00556
