2 Raters;4 Raters;6 Raters;8 Raters;10 Raters
0.001;0.000666666666666667;0.0006;0.000571428571428571;0.000555555555555556
0.0111;0.0074;0.00666;0.00634285714285714;0.00616666666666667
0.0111;0.0074;0.00666;0.00634285714285714;0.00616666666666667
0.1257;0.0838;0.07542;0.0718285714285714;0.0698333333333333
0.00045;0.0003;0.00027;0.000257142857142857;0.00025
0.00025;0.000166666666666667;0.00015;0.000142857142857143;0.000138888888888889
0.00695;0.00463333333333333;0.00417;0.00397142857142857;0.00386111111111111
