2 Raters;4 Raters;6 Raters;8 Raters;10 Raters
0.00477366306803917;0.00478855067017412;0.00479349912375866;0.00479597071888882;0.00479745283490967
0.0125983038264568;0.0126279997240912;0.0126378547894752;0.0126427741937503;0.0126457232403692
0.0125983038264568;0.0126279997240912;0.0126378547894752;0.0126427741937503;0.0126457232403692
0.0974503551516077;0.0974965627719825;0.0975117791061293;0.0975193528337069;0.0975238861094245
0.0453375899579451;0.0457922594181924;0.0459415651195688;0.0460158029858813;0.0460602137955106
0.019833535338232;0.0199555921259249;0.0199960076252268;0.0200161651096784;0.0200282435634735
0.0113205116927833;0.0113406839245765;0.0113473843700825;0.0113507301793923;0.0113527362549083
