2 Raters;4 Raters;6 Raters;8 Raters;10 Raters;12 Raters;14 Raters;16 Raters
-0.782347826086957;-0.191217391304348;-0.0729913043478261;-0.0223229813664596;0.00582608695652187;0.0237391304347826;0.0361404682274249;0.0452347826086955
-0.782347826086957;-0.191217391304348;-0.0729913043478261;-0.0223229813664596;0.00582608695652187;0.0237391304347826;0.0361404682274249;0.0452347826086955
