2 Raters;4 Raters;6 Raters;8 Raters;10 Raters;12 Raters;14 Raters;16 Raters
0.355;0.368333333333333;0.371;0.372142857142857;0.372777777777778;0.373181818181818;0.373461538461538;0.373666666666666
0.375;0.375;0.375;0.375;0.375;0.375;0.375;0.375
