2 Raters;4 Raters;6 Raters;8 Raters;10 Raters;12 Raters;14 Raters;16 Raters
8025;29866.6666666667;66195;116914.285714286;182013.888888889;261490.909090909;355344.230769231;463573.333333333
7187.5;28750;64687.5;115000;179687.5;258750;352187.5;460000
