2 Raters;4 Raters;6 Raters;8 Raters;10 Raters;12 Raters;14 Raters;16 Raters
0.100277777777778;0.0969444444444444;0.0962777777777778;0.0959920634920635;0.0958333333333333;0.0957323232323231;0.095662393162393;0.0956111111111111
0.0952777777777778;0.0952777777777778;0.0952777777777778;0.0952777777777778;0.0952777777777779;0.0952777777777779;0.0952777777777779;0.0952777777777779
