1 Length Fact.;2 Length Fact.;3 Length Fact.;4 Length Fact.;5 Length Fact.;6 Length Fact.;7 Length Fact.;8 Length Fact.;9 Length Fact.;10 Length Fact.
0.0185412004069176;0.0094558749369642;0.00634461951055984;0.00477366306803917;0.00382620911097732;0.00319254554571285;0.00273893741944723;0.00239818990354503;0.00213284351924005;0.00192036461985375
0.0496636368304832;0.0250766346616675;0.0167711958928141;0.0125983038264568;0.0100881646275874;0.00841208194878062;0.00721358255719745;0.00631399986204561;0.00561390540328876;0.00505356614679681
0.0496636368304832;0.0250766346616675;0.0167711958928141;0.0125983038264568;0.0100881646275874;0.00841208194878062;0.00721358255719745;0.00631399986204561;0.00561390540328876;0.00505356614679681
0.388551568056903;0.194700191918668;0.129889795871899;0.0974503551516077;0.0779759735384241;0.0649886412838723;0.0557098316744097;0.0487495585211721;0.0433353245941873;0.0390035052730185
0.169345620097636;0.0887669692134655;0.0600325141820222;0.0453375899579451;0.0364186051246551;0.0304307386951533;0.0261333771523237;0.0228993212455208;0.0203774377695862;0.0183558474708799
0.0762792877225867;0.0391682395551701;0.0263346057268971;0.019833535338232;0.01590625567002;0.0132770442203692;0.011393659140308;0.00997818863610668;0.00887553368128795;0.00799231950844854
0.0447213851575668;0.0225485737385988;0.0150735438101792;0.0113205116927833;0.00906375842296066;0.00755720764794264;0.00648009882780156;0.00567172058980192;0.0050426584152688;0.00453920502658095
