1 Length Fact.;2 Length Fact.;3 Length Fact.;4 Length Fact.;5 Length Fact.;6 Length Fact.;7 Length Fact.;8 Length Fact.;9 Length Fact.;10 Length Fact.
0.004;0.002;0.00133333333333333;0.001;0.0008;0.000666666666666667;0.000571428571428571;0.0005;0.000444444444444444;0.0004
0.0444;0.0222;0.0148;0.0111;0.00888;0.0074;0.00634285714285714;0.00555;0.00493333333333333;0.00444
0.0444;0.0222;0.0148;0.0111;0.00888;0.0074;0.00634285714285714;0.00555;0.00493333333333333;0.00444
0.5028;0.2514;0.1676;0.1257;0.10056;0.0838;0.0718285714285714;0.06285;0.0558666666666667;0.05028
0.0018;0.0009;0.0006;0.00045;0.00036;0.0003;0.000257142857142857;0.000225;0.0002;0.00018
0.001;0.0005;0.000333333333333333;0.00025;0.0002;0.000166666666666667;0.000142857142857143;0.000125;0.000111111111111111;0.0001
0.0278;0.0139;0.00926666666666667;0.00695;0.00556;0.00463333333333333;0.00397142857142857;0.003475;0.00308888888888889;0.00278
