2 Cat2 Rat./;4 Cat2 Rat./;6 Cat2 Rat./;8 Cat2 Rat./;10 Cat2 Rat./;2 Cat3 Rat./;4 Cat3 Rat./;6 Cat3 Rat./;8 Cat3 Rat./;10 Cat3 Rat./;2 Cat4 Rat./;4 Cat4 Rat./;6 Cat4 Rat./;8 Cat4 Rat./;10 Cat4 Rat./;2 Cat5 Rat./;4 Cat5 Rat./;6 Cat5 Rat./;8 Cat5 Rat./;10 Cat5 Rat./;2 Cat6 Rat./;4 Cat6 Rat./;6 Cat6 Rat./;8 Cat6 Rat./;10 Cat6 Rat./
1.07735;2.1547;3.23205;4.3094;5.38675;0.718233333333333;1.43646666666667;2.1547;2.87293333333333;3.59116666666667;0.718233333333333;1.43646666666667;2.1547;2.87293333333333;3.59116666666667;0.64641;1.29282;1.93923;2.58564;3.23205;0.64641;1.29282;1.93923;2.58564;3.23205
1.6625;3.325;4.9875;6.65;8.3125;1.10833333333333;2.21666666666667;3.325;4.43333333333333;5.54166666666667;1.10833333333333;2.21666666666667;3.325;4.43333333333333;5.54166666666667;0.9975;1.995;2.9925;3.99;4.9875;0.9975;1.995;2.9925;3.99;4.9875
0.00395;0.0079;0.01185;0.0158;0.01975;0.00263333333333333;0.00526666666666667;0.0079;0.0105333333333333;0.0131666666666667;0.00263333333333333;0.00526666666666667;0.0079;0.0105333333333333;0.0131666666666667;0.00237;0.00474;0.00711;0.00948;0.01185;0.00237;0.00474;0.00711;0.00948;0.01185
0.00565;0.0113;0.01695;0.0226;0.02825;0.00376666666666667;0.00753333333333333;0.0113;0.0150666666666667;0.0188333333333333;0.00376666666666667;0.00753333333333333;0.0113;0.0150666666666667;0.0188333333333333;0.00339;0.00678;0.01017;0.01356;0.01695;0.00339;0.00678;0.01017;0.01356;0.01695
0.0005;0.001;0.0015;0.002;0.0025;0.000333333333333333;0.000666666666666667;0.001;0.00133333333333333;0.00166666666666667;0.000333333333333333;0.000666666666666667;0.001;0.00133333333333333;0.00166666666666667;0.0003;0.0006;0.0009;0.0012;0.0015;0.0003;0.0006;0.0009;0.0012;0.0015
0.0139;0.0278;0.0417;0.0556;0.0695;0.00926666666666667;0.0185333333333333;0.0278;0.0370666666666667;0.0463333333333333;0.00926666666666667;0.0185333333333333;0.0278;0.0370666666666667;0.0463333333333333;0.00834;0.01668;0.02502;0.03336;0.0417;0.00834;0.01668;0.02502;0.03336;0.0417
