40 Tokens;60 Tokens;80 Tokens;100 Tokens;200 Tokens;400 Tokens;600 Tokens;800 Tokens
1.38364779874214;1.38075313807531;1.37931034482759;1.37844611528822;1.37672090112641;1.37585991244528;1.37557315548145;1.37542982181932
1.38364779874214;1.38075313807531;1.37931034482759;1.37844611528822;1.37672090112641;1.37585991244528;1.37557315548145;1.37542982181932
