40 Tokens;60 Tokens;80 Tokens;100 Tokens;200 Tokens;400 Tokens;600 Tokens;800 Tokens
0.710909090909091;0.71030303030303;0.71;0.709818181818182;0.709454545454545;0.709272727272727;0.709212121212121;0.709181818181818
0.710909090909091;0.71030303030303;0.71;0.709818181818182;0.709454545454545;0.709272727272727;0.709212121212121;0.709181818181818
