40 Tokens;60 Tokens;80 Tokens;100 Tokens;200 Tokens;400 Tokens;600 Tokens;800 Tokens
-0.149553571428571;-0.149553571428571;-0.149553571428571;-0.149553571428571;-0.149553571428571;-0.149553571428571;-0.149553571428571;-0.149553571428571
-0.194202898550724;-0.194202898550725;-0.194202898550724;-0.194202898550725;-0.194202898550725;-0.194202898550725;-0.194202898550725;-0.194202898550725
