40 Tokens;60 Tokens;80 Tokens;100 Tokens;200 Tokens;400 Tokens;600 Tokens;800 Tokens
0.0969444444444445;0.0969444444444444;0.0969444444444445;0.0969444444444444;0.0969444444444444;0.0969444444444444;0.0969444444444444;0.0969444444444444
0.0952777777777778;0.0952777777777778;0.0952777777777778;0.0952777777777778;0.0952777777777778;0.0952777777777778;0.0952777777777778;0.0952777777777778
