40 Tokens;60 Tokens;80 Tokens;100 Tokens;200 Tokens;400 Tokens;600 Tokens;800 Tokens
0.368333333333333;0.368333333333333;0.368333333333333;0.368333333333333;0.368333333333333;0.368333333333333;0.368333333333333;0.368333333333333
0.375;0.375;0.375;0.375;0.375;0.375;0.375;0.375
