2 Raters;4 Raters;6 Raters;8 Raters;10 Raters
0.002;0.00133333333333333;0.0012;0.00114285714285714;0.00111111111111111
0.0222;0.0148;0.01332;0.0126857142857143;0.0123333333333333
0.068025;0.04535;0.040815;0.0388714285714286;0.0377916666666667
0.2514;0.1676;0.15084;0.143657142857143;0.139666666666667
0.0009;0.0006;0.00054;0.000514285714285714;0.0005
0.0005;0.000333333333333333;0.0003;0.000285714285714286;0.000277777777777778
0.0139;0.00926666666666667;0.00834;0.00794285714285714;0.00772222222222222
