2 Raters;4 Raters;6 Raters;8 Raters;10 Raters
0.00954732613607833;0.00957710134034824;0.00958699824751732;0.00959194143777764;0.00959490566981935
0.0251966076529136;0.0252559994481825;0.0252757095789504;0.0252855483875007;0.0252914464807384
0.0558609985462626;0.0559783467018645;0.0560171962871664;0.0560365715161191;0.0560481808437048
0.194900710303215;0.194993125543965;0.195023558212259;0.195038705667414;0.195047772218849
0.0906751799158901;0.0915845188363848;0.0918831302391376;0.0920316059717627;0.0921204275910213
0.0396670706764639;0.0399111842518498;0.0399920152504536;0.0400323302193568;0.040056487126947
0.0226410233855665;0.0226813678491531;0.022694768740165;0.0227014603587845;0.0227054725098166
