1 Length Fact.;2 Length Fact.;3 Length Fact.;4 Length Fact.;5 Length Fact.;6 Length Fact.;7 Length Fact.;8 Length Fact.;9 Length Fact.;10 Length Fact.
0.00533333333333333;0.00266666666666667;0.00177777777777778;0.00133333333333333;0.00106666666666667;0.000888888888888889;0.000761904761904762;0.000666666666666667;0.000592592592592593;0.000533333333333333
0.0592;0.0296;0.0197333333333333;0.0148;0.01184;0.00986666666666667;0.00845714285714286;0.0074;0.00657777777777778;0.00592
0.1814;0.0907;0.0604666666666667;0.04535;0.03628;0.0302333333333333;0.0259142857142857;0.022675;0.0201555555555556;0.01814
0.6704;0.3352;0.223466666666667;0.1676;0.13408;0.111733333333333;0.0957714285714286;0.0838;0.0744888888888889;0.06704
0.0024;0.0012;0.0008;0.0006;0.00048;0.0004;0.000342857142857143;0.0003;0.000266666666666667;0.00024
0.00133333333333333;0.000666666666666667;0.000444444444444444;0.000333333333333333;0.000266666666666667;0.000222222222222222;0.00019047619047619;0.000166666666666667;0.000148148148148148;0.000133333333333333
0.0370666666666667;0.0185333333333333;0.0123555555555556;0.00926666666666667;0.00741333333333333;0.00617777777777778;0.0052952380952381;0.00463333333333333;0.00411851851851852;0.00370666666666667
