1 Length Fact.;2 Length Fact.;3 Length Fact.;4 Length Fact.;5 Length Fact.;6 Length Fact.;7 Length Fact.;8 Length Fact.;9 Length Fact.;10 Length Fact.
0.0375713565305093;0.0190318855134321;0.0127423254777425;0.00957710134034824;0.00767144145046579;0.00639828646137584;0.0054875614266303;0.00480379152849903;0.00427154040544465;0.0038454686483511
0.10030653864667;0.0503932153058271;0.0336483277951225;0.0252559994481825;0.0202142645871872;0.0168504730526336;0.0144464760459866;0.0126427741937503;0.0112394780383753;0.0101165785922953
0.222490559540281;0.111721997092525;0.0745858191441016;0.0559783467018645;0.0448013378710267;0.0373447975247776;0.0320161553619176;0.0280182857580595;0.024908010046531;0.0224192723374819
0.778716738420043;0.389780798900176;0.25994545567008;0.194993125543965;0.156010757562022;0.130017969075305;0.111449475000333;0.0975218955417852;0.0866886187946658;0.0780215476793842
0.354856530041066;0.181298717899554;0.121700174517118;0.0915845188363848;0.0734152377781477;0.0612610729362118;0.0525593892433677;0.0460221505761538;0.0409311434366217;0.0368542579558096
0.156647451920624;0.079327828699846;0.0531053806016476;0.0399111842518498;0.0319682740479704;0.0266620402498265;0.0228665163765412;0.0200169483029768;0.0177988860616656;0.0160233463424898
0.0901053589024483;0.0452599303836439;0.0302190183895166;0.0226813678491531;0.0181532926810937;0.0151322945667191;0.0129733226437915;0.0113534838021272;0.010093247937171;0.00908483178545419
