1 Cat;2 Cat;3 Cat;4 Cat;5 Cat;6 Cat;7 Cat;8 Cat;9 Cat;10 Cat
0.000666666666666667;0.00133333333333333;0.002;0.00266666666666667;0.00333333333333333;0.004;0.00466666666666667;0.00533333333333333;0.006;0.00666666666666667
0.0074;0.0148;0.0222;0.0296;0.037;0.0444;0.0518;0.0592;0.0666;0.074
0.0074;0.04535;0.05275;0.0907;0.0981;0.13605;0.14345;0.1814;0.1888;0.22675
0.0838;0.1676;0.2514;0.3352;0.419;0.5028;0.5866;0.6704;0.7542;0.838
0.0003;0.0006;0.0009;0.0012;0.0015;0.0018;0.0021;0.0024;0.0027;0.003
0.000166666666666667;0.000333333333333333;0.0005;0.000666666666666667;0.000833333333333333;0.001;0.00116666666666667;0.00133333333333333;0.0015;0.00166666666666667
0.00463333333333333;0.00926666666666667;0.0139;0.0185333333333333;0.0231666666666667;0.0278;0.0324333333333333;0.0370666666666667;0.0417;0.0463333333333333
