40 Tokens;60 Tokens;80 Tokens;100 Tokens;200 Tokens;400 Tokens;600 Tokens;800 Tokens
1164.55696202532;2609.24369747899;4628.93081761006;7223.61809045226;28822.0551378446;115143.92991239;258965.804837364;460287.679799875
1164.55696202532;2609.24369747899;4628.93081761006;7223.61809045226;28822.0551378446;115143.92991239;258965.804837364;460287.679799875
