40 Tokens;60 Tokens;80 Tokens;100 Tokens;200 Tokens;400 Tokens;600 Tokens;800 Tokens
0.584271137026239;0.582517006802721;0.581639941690962;0.581113702623907;0.580061224489797;0.579534985422742;0.579359572400389;0.579271865889212
0.584271137026239;0.582517006802721;0.581639941690962;0.581113702623907;0.580061224489797;0.579534985422742;0.579359572400389;0.579271865889212
