40 Tokens;60 Tokens;80 Tokens;100 Tokens;200 Tokens;400 Tokens;600 Tokens;800 Tokens
-0.768913043478261;-0.776376811594203;-0.780108695652174;-0.782347826086957;-0.786826086956522;-0.789065217391304;-0.789811594202898;-0.790184782608696
-0.768913043478261;-0.776376811594203;-0.780108695652174;-0.782347826086957;-0.786826086956522;-0.789065217391304;-0.789811594202898;-0.790184782608696
