40 Tokens;60 Tokens;80 Tokens;100 Tokens;200 Tokens;400 Tokens;600 Tokens;800 Tokens
0.0964838255977497;0.096078431372549;0.0958770090845563;0.0957565605806812;0.0955165692007797;0.0953970240578501;0.095357242146233;0.0953373636300466
0.0964838255977497;0.096078431372549;0.0958770090845563;0.0957565605806812;0.0955165692007797;0.0953970240578501;0.095357242146233;0.0953373636300466
