40 Tokens;60 Tokens;80 Tokens;100 Tokens;200 Tokens;400 Tokens;600 Tokens;800 Tokens
0.632911392405063;0.630252100840336;0.628930817610063;0.628140703517588;0.6265664160401;0.625782227784731;0.625521267723103;0.625390869293308
0.632911392405063;0.630252100840336;0.628930817610063;0.628140703517588;0.6265664160401;0.625782227784731;0.625521267723103;0.625390869293308
