40 Tokens;60 Tokens;80 Tokens;100 Tokens;200 Tokens;400 Tokens;600 Tokens;800 Tokens
0.6;0.6;0.6;0.6;0.600000000000001;0.600000000000001;0.6;0.599999999999999
0.579008746355685;0.579008746355685;0.579008746355685;0.579008746355685;0.579008746355686;0.579008746355686;0.579008746355685;0.579008746355684
